x5,y5,x8,y8,x9,y9,x12,y12,x13,y13,x16,y16,x17,y17,x20,y20,class
250,306,226,412,275,306,254,431,303,310,268,428,329,320,294,412,0
319,192,340,256,353,176,366,251,389,177,399,254,427,189,424,244,0
334,189,353,266,369,174,378,262,407,177,414,268,446,192,439,255,0
329,192,339,265,363,177,373,265,400,177,407,269,438,186,429,254,0
331,207,339,256,364,190,370,248,399,184,403,248,439,185,425,234,0
338,209,343,245,369,195,372,237,401,188,401,235,439,185,423,220,0
396,156,366,204,417,153,378,206,431,162,392,217,439,179,400,222,0
414,127,350,169,417,129,341,170,408,139,339,179,390,156,338,187,0
415,110,348,136,394,116,337,150,369,127,326,165,342,142,317,181,0
404,137,359,148,371,150,339,161,337,169,319,180,306,190,301,201,0
349,173,308,214,335,205,304,236,321,241,304,265,310,278,302,293,0
292,225,290,303,321,236,310,312,350,261,338,321,377,290,362,332,0
346,233,364,286,398,218,390,300,443,226,417,311,480,244,440,319,0
398,154,422,145,440,140,472,166,480,138,500,166,516,148,522,168,0
353,137,365,147,393,126,400,157,430,125,434,165,468,132,464,157,0
205,156,207,188,240,143,243,186,276,139,276,181,317,142,306,172,0
125,180,97,182,151,169,121,197,180,163,156,211,213,162,175,201,0
117,280,100,342,145,272,127,347,172,275,152,353,201,286,168,344,0
125,313,115,380,153,304,146,381,183,309,173,384,214,322,196,377,0
397,286,291,329,416,331,316,360,423,377,332,392,423,418,353,417,0
511,281,399,314,527,334,404,344,521,384,414,372,503,427,422,410,0
586,341,461,315,578,396,438,341,554,438,443,368,523,468,439,401,0
581,404,514,310,595,423,511,321,592,429,517,327,580,427,517,333,0
598,326,535,296,558,348,499,304,512,365,473,320,467,376,450,342,0
580,204,501,212,569,234,483,234,542,266,472,266,509,295,469,302,0
529,157,424,211,551,182,441,239,558,217,453,269,553,258,473,281,0
381,191,377,231,422,189,413,236,462,195,447,251,506,207,479,248,0
242,135,252,175,280,125,289,175,318,122,322,174,361,122,348,150,0
141,113,161,149,173,91,195,138,208,77,226,124,249,68,252,103,0
76,43,115,148,112,29,156,144,152,33,190,142,195,45,203,121,0
31,26,83,122,70,28,109,126,116,45,145,132,160,67,176,132,0
82,34,-40,124,87,70,114,133,107,115,143,158,133,160,173,192,0
134,35,146,86,116,89,158,121,114,144,165,156,122,193,177,201,0
238,28,245,70,193,56,218,106,162,95,199,140,142,138,184,187,0
341,53,327,97,294,58,292,114,252,77,263,130,217,103,234,150,0
484,107,459,143,446,102,428,146,406,109,399,151,369,125,368,159,0
559,249,496,222,529,261,471,236,486,273,443,253,442,284,417,272,0
518,269,423,305,527,296,427,324,518,327,428,348,500,359,433,367,0
384,290,354,348,419,295,390,359,451,309,420,372,486,331,447,369,0
222,309,205,349,255,307,231,352,288,312,261,358,325,324,291,355,0
107,336,87,384,136,332,119,391,167,334,148,392,204,341,167,373,0
188,273,109,351,205,295,118,371,208,328,131,394,204,366,143,417,0
209,129,153,155,202,170,143,190,190,214,146,228,178,257,150,265,0
176,94,125,99,180,156,139,151,183,209,149,192,184,250,164,233,0
269,37,205,137,304,73,217,150,327,119,244,181,344,168,237,205,0
332,63,328,137,388,68,371,141,436,91,412,158,475,118,445,166,0
390,146,404,38,446,137,414,152,489,137,461,156,524,141,496,150,0
391,108,408,144,439,104,442,155,480,108,479,160,523,114,515,154,0
437,181,430,217,473,189,459,226,509,202,489,242,548,220,521,238,0
552,297,486,322,577,322,501,350,591,353,515,375,601,390,538,397,0
543,380,518,343,502,392,479,357,458,402,445,376,415,412,414,389,0
432,310,388,287,386,327,351,303,340,346,320,329,296,365,290,344,0
364,180,352,174,315,192,315,187,270,211,282,207,232,231,250,227,0
328,160,243,179,313,176,228,202,287,198,218,226,260,222,215,253,0
180,231,161,268,214,224,196,282,250,224,231,280,290,230,267,270,0
82,370,98,359,117,370,140,359,160,371,180,358,205,372,213,359,0
376,286,352,399,429,297,388,417,471,327,417,430,505,368,452,442,0
450,300,348,356,473,339,376,394,480,388,396,425,479,435,414,456,0
402,469,388,357,353,484,352,363,306,483,313,374,263,478,272,387,0
286,421,321,286,272,421,303,316,263,413,278,346,258,399,267,368,0
290,290,268,295,245,314,240,317,207,343,214,343,177,373,195,372,0
222,274,168,328,209,299,161,354,193,335,161,381,178,374,161,407,0
114,326,89,425,133,329,107,430,149,346,128,440,163,372,136,437,0
92,352,80,444,120,346,102,442,145,356,125,447,171,375,137,441,0
123,393,170,383,156,395,200,387,195,401,228,397,235,408,255,410,0
244,357,285,352,276,374,310,373,308,396,333,394,338,423,358,411,0
463,351,357,383,476,381,366,413,474,415,372,437,464,452,390,464,0
493,348,568,399,479,374,566,430,467,404,548,448,459,433,525,461,0
551,353,602,342,522,357,586,460,498,374,564,468,478,397,541,470,0
369,258,358,308,351,245,336,300,328,240,316,298,302,239,304,291,0
309,230,336,276,311,249,340,286,315,273,346,299,320,298,362,303,0
202,172,258,185,227,182,269,208,255,198,282,223,282,216,292,244,0
164,111,154,154,201,122,183,161,230,142,203,175,251,165,225,195,0
189,97,182,144,224,114,204,159,250,139,219,177,267,168,237,200,0
250,106,252,133,265,130,258,158,274,158,265,183,278,185,270,208,0
298,115,278,187,279,106,266,183,257,108,246,182,234,118,229,177,0
292,150,280,188,268,137,256,176,238,129,232,167,203,122,210,158,0
253,155,257,170,230,146,233,168,203,140,210,160,172,137,182,154,0
224,122,214,149,191,115,190,144,160,115,163,142,129,121,137,140,0
218,121,205,166,188,99,171,166,154,91,138,168,121,95,114,153,0
232,133,195,205,190,114,165,193,142,111,131,179,95,118,94,168,0
228,233,193,290,187,240,155,290,143,250,122,288,100,259,89,285,0
228,307,220,353,186,329,176,370,142,351,136,378,98,371,99,385,0
237,313,257,329,212,361,237,366,187,401,210,392,165,434,181,417,0
290,300,421,282,303,350,340,350,306,399,339,396,305,444,342,445,0
415,308,396,309,433,353,411,342,441,394,419,377,442,429,422,412,0
474,317,444,308,501,357,470,333,514,393,488,366,518,425,497,398,0
485,276,456,257,520,304,485,272,543,331,510,297,557,356,525,324,0
459,181,502,197,487,198,524,214,516,222,543,237,543,248,553,263,0
485,162,521,221,468,159,517,222,460,167,506,229,456,183,512,209,0
522,186,535,249,497,178,512,244,472,176,485,246,446,179,472,225,0
513,189,513,227,489,180,494,222,460,174,468,218,425,168,447,206,0
415,134,416,173,384,126,389,165,348,123,360,161,309,121,328,158,0
343,149,316,197,303,129,283,176,261,118,250,164,217,113,220,151,0
298,145,273,187,263,124,245,173,225,114,215,159,184,111,187,146,0
165,137,113,236,203,151,142,259,234,170,182,264,259,194,222,269,0
181,111,164,191,136,97,130,189,92,104,90,188,51,119,57,186,0
144,140,132,177,100,131,97,160,59,137,58,162,22,153,29,168,0
171,214,141,296,122,198,107,289,71,202,65,284,26,215,27,273,0
180,313,158,385,126,296,123,379,75,302,82,378,29,318,46,376,0
202,285,207,360,149,287,166,367,101,310,119,374,58,340,75,382,0
93,219,174,235,107,260,176,263,130,301,184,299,157,341,194,328,0
102,229,140,206,144,259,168,228,182,285,196,253,214,308,212,283,0
420,295,369,271,455,316,396,282,470,333,416,299,477,345,429,311,0
401,270,368,251,438,298,397,267,458,323,421,290,469,346,435,313,0
490,249,492,315,477,242,485,312,462,245,472,318,446,255,452,319,0
520,194,501,244,490,180,475,235,455,172,449,225,416,169,422,216,0
480,137,484,149,446,122,435,157,408,117,402,157,369,120,373,153,0
423,103,405,160,384,87,369,169,341,90,330,166,301,103,300,169,0
353,68,359,183,335,79,342,202,312,102,320,214,288,129,304,221,0
268,41,360,152,272,61,336,192,271,95,304,224,268,137,287,236,0
98,24,143,61,134,42,168,82,168,72,190,107,199,107,204,135,0
70,77,98,-1,119,87,126,78,163,106,159,103,200,128,185,131,0
179,150,174,182,212,179,185,211,233,214,197,238,243,250,207,270,0
229,261,234,314,220,295,211,335,203,330,186,354,182,363,163,376,0
270,336,248,433,240,338,229,430,206,354,199,427,173,376,172,423,0
339,337,317,428,308,330,295,429,273,341,266,427,239,360,237,427,0
436,338,422,420,408,321,393,412,373,318,365,404,336,324,337,392,0
504,360,494,402,474,345,467,387,440,336,440,371,401,329,415,359,0
526,343,517,382,498,329,491,369,464,319,464,353,425,310,436,341,0
525,284,579,316,501,271,516,331,469,268,483,327,435,273,450,333,0
466,242,457,273,432,229,425,267,394,225,394,257,352,227,362,257,0
382,216,364,291,338,193,320,290,293,188,278,281,251,195,249,265,0
252,83,324,140,255,122,308,178,259,168,304,216,260,216,292,254,0
197,173,210,158,246,197,251,174,286,223,282,201,319,249,306,226,0
246,202,329,196,262,228,340,218,288,256,352,247,319,285,362,275,0
364,218,406,270,335,221,380,280,306,232,355,290,277,249,332,276,0
421,241,420,287,383,237,389,281,343,243,356,275,301,253,322,278,0
430,242,428,291,391,238,398,288,352,244,366,282,310,254,333,284,0
428,235,428,288,390,230,400,284,351,235,369,278,309,247,335,282,0
452,239,445,286,412,231,410,279,372,234,377,275,329,241,345,275,0
453,204,466,258,406,204,425,291,363,231,386,298,324,268,352,314,0
363,166,433,198,365,213,437,230,377,263,435,272,394,313,433,310,0
70,112,33,177,62,90,25,162,60,67,24,119,64,42,28,65,0
380,210,373,254,339,203,339,252,298,208,300,248,258,222,260,244,0
372,178,364,208,333,168,328,204,294,168,293,198,253,176,260,197,0
293,126,281,169,256,121,253,167,220,122,218,161,183,129,187,154,0
224,77,232,132,186,75,199,126,146,79,165,124,104,86,134,119,0
114,39,189,91,113,53,190,97,122,77,194,115,136,106,205,133,0
90,47,141,73,116,66,159,97,145,94,177,121,172,125,190,145,0
75,53,108,73,113,68,138,94,150,93,162,115,181,120,181,139,0
89,59,112,79,129,74,145,95,165,98,171,117,194,125,190,141,0
317,358,274,333,327,329,219,252,349,310,241,234,380,296,302,213,1
358,259,250,162,378,231,264,121,406,216,303,106,442,211,396,114,1
362,251,255,154,383,222,273,111,412,207,313,100,447,202,404,104,1
332,254,228,152,357,227,248,113,388,212,290,97,426,210,385,105,1
231,225,122,105,259,195,141,56,294,181,190,43,337,179,291,57,1
203,237,83,120,230,205,95,65,266,188,143,50,312,186,260,64,1
346,197,284,47,382,177,325,22,421,173,397,10,464,183,502,52,1
317,107,305,-32,359,97,374,-44,398,104,426,-34,434,126,514,23,1
239,91,257,-59,288,89,323,-59,330,104,379,-40,369,132,464,24,1
313,265,322,126,351,264,385,111,381,278,425,143,406,305,475,223,1
314,295,301,176,344,291,343,160,371,301,380,178,394,322,428,242,1
363,311,360,186,399,309,409,172,430,322,456,189,456,348,509,266,1
374,374,372,233,416,373,432,217,451,390,485,237,480,422,553,323,1
322,322,307,205,353,319,343,187,380,331,387,201,403,356,435,264,1
319,306,304,194,347,303,332,180,372,313,369,191,396,334,416,244,1
293,285,264,175,319,280,291,160,343,287,328,165,366,305,380,214,1
365,285,358,172,395,282,394,159,419,291,429,172,442,310,474,227,1
211,338,169,243,235,337,192,236,258,346,227,247,283,364,292,282,1
207,254,166,152,229,249,183,139,251,254,214,145,272,268,271,177,1
335,247,309,124,361,245,340,101,385,254,385,112,408,275,421,172,1
460,284,422,125,461,292,418,113,449,307,416,135,423,322,382,208,1
465,290,449,128,446,296,396,115,416,307,369,140,382,321,332,207,1
451,294,426,122,415,298,361,117,377,307,325,144,341,321,289,213,1
419,279,293,203,429,295,277,234,426,318,272,271,409,345,292,305,1
370,324,339,314,406,322,379,301,438,332,427,292,470,355,482,304,1
411,296,395,209,448,290,469,152,477,301,515,165,502,326,563,236,1
393,253,385,95,434,247,463,68,468,259,506,91,497,287,579,180,1
258,268,230,115,294,258,285,67,330,264,339,88,366,287,425,163,1
146,262,93,127,178,249,130,79,210,255,169,95,245,276,245,153,1
161,239,102,87,196,222,135,44,233,223,188,49,272,241,291,102,1
310,238,257,97,348,225,309,66,384,230,363,83,420,250,437,153,1
417,222,405,92,454,216,456,74,487,225,500,100,517,248,537,171,1
418,225,414,97,453,222,462,88,483,231,500,114,511,253,534,170,1
360,231,317,142,397,217,363,88,430,219,425,73,463,233,501,127,1
354,237,308,128,390,222,359,76,422,224,416,71,453,239,491,132,1
394,231,382,98,431,225,442,68,461,234,485,84,489,256,542,154,1
235,250,184,120,269,241,258,70,298,249,303,81,325,272,382,152,1
312,264,275,122,351,256,349,88,385,265,392,105,419,288,467,174,1
387,262,381,118,425,262,448,104,456,276,486,132,481,303,545,223,1
361,295,356,157,399,290,393,144,432,300,467,147,461,325,543,239,1
398,323,374,227,434,320,461,180,462,334,501,204,483,360,538,284,1
421,274,399,165,458,264,465,125,489,271,512,132,516,292,571,195,1
444,221,415,73,482,209,479,37,517,215,530,56,551,236,615,122,1
330,199,309,39,372,188,365,2,411,195,430,15,447,217,509,93,1
183,229,145,80,214,220,179,42,244,226,223,51,275,248,313,115,1
279,222,211,70,286,234,207,60,282,256,204,107,262,286,208,175,1
251,238,193,79,256,244,166,65,248,261,155,91,222,287,120,177,1
219,277,131,126,210,288,96,123,191,306,88,151,164,333,65,233,1
242,292,79,194,232,313,30,231,218,344,28,271,204,381,51,352,1
266,233,84,232,273,257,84,310,281,292,112,346,291,331,159,401,1
264,222,115,334,293,243,159,436,332,268,230,456,375,293,317,457,1
323,242,265,443,372,250,360,456,425,258,422,448,474,263,499,425,1
400,231,447,428,459,214,554,435,516,207,589,418,566,207,602,373,1
447,205,504,336,490,190,621,360,529,186,644,336,563,191,654,302,1
427,201,464,205,482,192,544,209,524,194,620,204,557,207,656,212,1
356,206,292,99,399,183,394,57,441,179,478,68,481,189,571,110,1
302,215,222,70,342,187,292,10,386,178,370,7,432,188,502,67,1
165,245,61,126,199,211,78,38,244,198,155,22,298,206,317,59,1
148,260,53,111,184,233,69,62,227,225,126,54,278,233,255,88,1
260,232,191,77,299,217,230,37,338,220,291,38,380,241,391,101,1
356,202,319,38,399,190,383,0,438,196,441,16,475,218,520,94,1
410,227,408,70,451,223,470,46,486,235,517,63,516,262,595,151,1
293,268,251,119,329,260,297,86,362,267,356,96,396,288,436,171,1
182,260,111,121,212,250,141,83,244,257,190,89,277,280,286,148,1
241,231,181,82,273,221,218,53,305,228,275,55,338,250,365,123,1
373,215,342,75,419,210,414,40,462,222,482,54,499,249,557,126,1
212,268,217,274,185,256,191,237,157,253,156,169,129,257,105,160,1
337,269,401,146,307,252,341,99,276,252,301,111,244,264,248,149,1
360,271,439,153,330,251,376,97,296,248,326,102,260,259,266,146,1
424,240,511,127,396,221,457,74,365,218,414,76,331,226,349,108,1
399,190,470,64,368,173,411,22,336,170,359,25,303,180,308,60,1
331,246,410,116,299,229,341,68,265,229,294,76,231,243,231,121,1
257,242,325,102,222,226,251,54,187,227,204,66,150,240,142,113,1
314,328,422,228,285,304,359,161,251,297,305,155,211,303,232,183,1
365,277,465,162,336,255,405,103,302,251,351,101,265,261,274,140,1
368,209,455,103,346,195,419,45,320,195,356,43,291,210,283,90,1
323,214,406,77,317,214,414,65,316,222,403,77,322,236,372,130,1
292,209,372,69,297,218,406,61,310,233,405,81,333,256,415,151,1
394,236,480,106,430,260,550,138,453,292,573,191,466,330,576,289,1
460,306,592,187,487,343,637,246,497,380,643,302,495,416,624,404,1
428,246,551,140,459,277,612,189,476,314,619,244,480,353,603,331,1
479,259,576,174,467,244,576,131,449,241,542,129,428,247,484,148,1
500,238,594,130,476,218,554,73,447,214,504,69,415,222,421,97,1
405,242,486,95,368,225,420,49,329,227,335,58,288,246,264,123,1
264,278,308,113,221,263,225,69,182,270,167,102,144,293,104,169,1
348,318,428,175,313,300,351,123,278,303,290,138,241,322,206,197,1
310,220,377,72,273,204,299,24,235,209,249,44,195,228,171,105,1
257,239,290,99,218,226,218,67,181,232,171,86,143,253,105,137,1
346,258,383,143,312,244,346,131,277,245,295,136,239,261,222,150,1
419,251,493,120,384,236,418,71,350,239,366,87,316,258,298,137,1
478,235,552,107,446,220,480,58,413,223,439,68,380,240,358,115,1
455,217,517,81,421,202,448,34,387,206,398,48,352,224,323,99,1
406,216,474,67,368,203,389,23,331,208,324,40,294,228,243,105,1
270,242,323,75,226,232,217,38,187,242,162,68,150,270,86,155,1
251,203,290,29,204,195,188,6,163,208,138,39,125,238,65,131,1
286,175,338,15,243,161,243,-19,201,167,187,-8,158,190,94,72,1
238,235,284,65,193,223,174,32,151,233,130,55,110,259,57,142,1
179,199,200,9,133,194,77,-7,94,210,26,31,60,243,-26,144,1
379,247,423,65,334,235,315,26,294,246,265,45,256,275,172,154,1
452,282,515,117,411,268,422,70,372,276,358,89,336,301,277,172,1
497,228,574,88,463,214,493,37,428,220,446,51,393,240,352,107,1
501,209,589,83,471,189,528,29,437,187,482,33,402,198,395,68,1
409,206,491,53,371,189,423,15,332,188,360,20,293,200,285,61,1
242,189,271,28,199,179,185,0,160,189,124,24,121,217,57,122,1
338,217,366,57,302,206,288,13,266,213,237,37,231,237,160,132,1
366,268,425,154,334,254,380,152,298,255,329,150,260,269,259,168,1
443,230,510,183,413,214,470,114,380,214,423,101,347,226,358,119,1
516,245,616,122,487,226,544,63,456,225,499,70,423,237,426,108,1
410,226,474,80,371,212,387,42,333,216,326,56,295,235,244,119,1
392,243,443,86,350,228,351,42,311,234,298,54,275,257,209,137,1
377,271,439,135,342,254,364,99,305,257,313,104,268,276,216,162,1
353,264,389,196,318,251,330,161,283,255,287,162,248,272,234,191,1
268,274,303,143,233,262,229,98,198,271,187,116,162,295,111,182,1
311,275,358,109,269,263,273,71,229,273,213,97,190,301,108,179,1
373,289,434,142,335,273,343,95,296,278,293,107,256,301,191,186,1
312,306,364,148,273,294,269,109,236,303,223,131,200,329,121,215,1
357,226,424,83,321,209,340,33,286,211,290,45,250,229,195,114,1
470,238,548,116,440,221,478,64,409,223,427,68,377,239,339,120,1
459,282,509,175,432,271,479,156,403,275,448,173,373,293,383,218,1
409,289,432,263,381,270,447,182,349,267,385,152,314,280,291,172,1
462,307,502,196,434,291,510,179,401,290,423,148,367,303,341,188,1
458,238,510,102,426,225,441,72,394,229,394,82,362,246,308,133,1
391,252,448,128,358,234,378,75,323,237,325,79,287,254,238,139,1
294,191,346,45,252,177,259,-3,210,185,196,25,168,211,94,110,1
319,237,349,125,282,226,282,106,246,234,228,123,210,257,161,170,1
416,241,465,162,383,230,413,125,349,235,365,121,315,254,301,154,1
477,276,563,158,443,257,484,103,408,258,433,100,371,273,327,150,1
465,321,550,194,432,301,477,132,397,304,432,143,360,323,332,212,1
350,319,452,171,307,304,329,104,265,316,266,130,222,350,131,233,1
397,300,439,217,357,289,378,207,317,299,336,218,277,327,267,273,1
425,259,452,218,394,245,414,188,360,244,383,183,325,253,343,191,1
417,262,476,221,388,243,443,172,354,238,394,152,317,247,338,170,1
438,273,536,159,411,251,493,96,379,245,444,94,342,254,358,128,1
393,253,470,99,357,235,386,46,319,237,332,56,280,256,234,123,1
420,264,487,134,385,248,428,93,348,252,369,102,311,271,281,151,1
349,249,428,95,308,233,337,48,265,239,268,60,220,264,151,153,1
253,185,284,3,203,177,167,-22,160,192,111,10,120,226,30,116,1
402,248,482,111,363,227,401,42,323,228,340,50,282,247,241,113,1
482,281,585,161,453,259,528,102,419,256,466,100,381,266,363,137,1
444,247,509,114,415,229,463,66,383,228,410,67,347,241,322,125,1
343,240,389,101,308,229,302,44,272,238,264,66,236,262,208,167,1
296,234,336,84,255,220,252,16,216,228,187,70,178,255,120,139,1
337,241,381,90,300,230,295,127,263,234,236,85,227,251,172,132,1
403,260,455,195,370,244,391,80,336,247,331,81,299,266,256,137,1
403,266,467,132,369,251,397,82,333,255,336,85,297,275,247,151,1
293,271,339,97,247,259,245,59,205,271,194,81,163,301,97,165,1
443,240,539,112,412,221,485,63,377,221,430,67,338,235,342,99,1
381,197,472,61,345,179,417,15,308,177,324,21,271,189,262,61,1
286,273,338,189,263,262,293,160,239,264,257,162,214,274,202,189,1
303,294,367,234,287,281,341,202,269,277,313,198,247,281,262,209,1
370,315,429,273,362,302,428,243,349,294,408,229,332,292,368,231,1
469,321,524,269,460,310,517,243,448,306,496,234,434,309,464,242,1
516,327,580,278,506,314,571,247,493,310,547,239,478,312,509,245,1
391,334,458,286,382,324,456,270,369,317,440,271,353,314,412,285,1
273,318,328,257,255,305,303,231,233,301,273,219,207,304,226,233,1
200,299,236,223,179,289,202,203,157,288,166,199,134,294,127,220,1
186,239,215,158,164,231,177,141,142,234,147,146,121,243,109,172,1
172,197,196,110,150,191,156,93,129,194,127,102,109,206,97,136,1
151,289,178,211,129,283,137,197,109,287,110,201,89,298,73,227,1
273,322,336,267,257,309,319,240,236,304,288,229,213,307,239,245,1
364,334,432,291,352,321,424,272,336,316,392,251,317,317,343,253,1
450,265,517,213,436,251,500,182,419,244,469,171,400,246,427,177,1
477,197,537,134,461,184,514,102,441,181,481,94,420,184,429,109,1
394,281,461,218,379,268,445,187,359,263,407,175,336,266,359,186,1
299,266,350,190,279,254,320,163,258,252,288,160,234,258,241,178,1
342,332,413,281,327,320,395,251,307,317,362,239,283,322,307,247,1
371,310,440,256,358,298,427,231,341,295,392,219,322,298,340,224,1
417,258,484,191,401,244,460,158,381,241,426,152,360,246,378,168,1
403,270,471,210,388,257,453,177,369,253,418,167,347,257,368,181,1
397,285,430,306,385,269,461,202,367,263,422,180,346,266,371,191,1
402,285,464,239,389,271,456,198,372,267,418,185,352,271,373,194,1
402,286,464,242,390,272,457,201,374,267,423,187,355,270,375,197,1
407,287,472,233,395,273,461,206,379,269,428,192,361,273,382,202,1
253,342,258,272,263,340,271,256,279,337,286,256,299,333,307,266,1
310,257,270,183,332,250,298,167,354,254,328,178,377,268,373,216,1
414,293,423,205,441,294,468,202,462,305,499,225,479,324,526,273,1
433,317,461,234,460,321,510,236,481,334,539,266,497,355,552,308,1
244,271,227,188,262,266,246,170,280,265,268,174,298,270,301,195,1
142,315,76,248,155,309,86,232,172,312,117,235,192,322,164,255,1
180,319,152,231,200,316,177,217,222,322,203,231,244,337,244,292,1
169,244,157,242,194,230,160,129,222,229,199,117,253,237,263,149,1
255,287,221,189,278,280,254,168,300,285,290,177,322,301,350,224,1
384,285,389,181,411,285,435,172,434,298,467,192,453,320,506,252,1
458,202,478,95,486,203,525,87,508,215,554,111,525,235,585,170,1
307,153,284,43,335,145,320,30,362,148,360,34,389,160,417,74,1
336,187,327,209,365,180,373,227,393,183,402,232,419,191,429,229,1
368,207,285,248,401,199,376,327,441,200,430,329,484,206,497,310,1
311,283,259,307,343,280,307,305,377,284,357,301,409,292,428,295,1
344,317,325,211,363,334,376,225,377,362,405,272,385,398,437,366,1
372,284,393,155,395,291,439,150,411,311,447,190,419,344,428,309,1
413,280,424,156,411,293,404,153,395,313,378,188,369,337,313,272,1
413,254,390,110,379,259,329,107,350,273,301,132,325,293,277,195,1
296,221,193,161,293,237,162,195,290,262,165,233,286,295,176,286,1
127,318,37,248,141,318,39,242,158,324,62,254,176,339,112,286,1
109,353,31,272,126,347,52,249,148,354,82,262,172,370,142,303,1
218,308,184,228,233,305,198,215,249,310,223,223,266,323,261,256,1
279,295,246,213,287,296,245,205,295,302,257,216,298,314,276,249,1
385,278,359,191,378,282,340,190,367,289,324,205,353,301,315,247,1
420,285,414,206,437,285,437,203,452,293,456,215,466,308,482,254,1
477,248,497,159,502,249,536,155,522,259,560,171,537,276,585,218,1
375,173,354,85,392,170,384,68,406,175,411,74,417,187,434,113,1
248,175,183,96,251,177,173,87,248,184,175,96,235,197,184,127,1
181,227,124,204,192,224,143,224,203,227,153,233,212,235,166,234,1
185,299,143,214,200,291,151,196,216,287,162,202,233,287,187,220,1
368,335,380,261,394,339,416,265,416,351,444,275,435,372,484,322,1
407,207,414,102,435,207,474,95,457,218,503,115,474,237,530,168,1
338,151,314,71,360,145,334,60,379,147,373,54,397,157,410,90,1
171,189,87,121,192,172,132,60,215,168,160,64,242,174,227,86,1
401,202,404,86,431,201,473,78,454,213,510,106,470,237,534,175,1
366,311,376,244,385,318,405,239,401,333,433,254,412,355,463,313,1
220,319,168,237,238,311,194,208,258,314,225,215,279,326,260,262,1
520,368,588,290,544,384,629,315,558,404,637,346,566,430,620,396,1
456,303,478,192,486,309,539,192,507,325,569,221,519,351,587,289,1
252,201,202,119,272,188,223,93,297,186,285,82,324,193,359,116,1
190,248,130,191,211,233,158,126,238,229,201,118,267,236,275,144,1
130,314,89,250,146,304,119,225,164,302,141,225,183,305,173,238,1
187,183,144,97,204,176,156,83,223,176,186,80,243,184,224,99,1
244,196,177,96,231,201,149,87,213,212,129,112,192,228,114,166,1
200,265,132,201,186,279,90,224,180,301,78,271,183,329,119,328,1
293,250,212,162,276,267,166,186,263,289,161,237,253,316,165,291,1
428,259,432,159,451,264,468,149,468,277,498,174,481,299,525,230,1
385,236,462,179,372,219,444,141,353,212,412,129,331,212,366,137,1
356,231,439,176,341,213,414,134,320,206,380,121,294,207,317,131,1
303,193,366,108,280,179,303,85,253,173,270,79,224,175,219,92,1
443,256,525,200,428,237,503,151,408,230,466,136,382,232,405,145,1
445,364,537,316,432,348,526,271,412,341,488,263,386,341,433,270,1
455,261,522,210,442,250,505,197,425,246,481,190,406,250,440,197,1
334,192,390,129,315,181,370,125,294,177,340,116,269,182,296,117,1
208,204,243,131,186,194,210,100,163,194,180,102,139,203,139,127,1
291,231,334,136,263,221,274,102,235,223,224,110,208,236,184,154,1
254,285,311,192,226,276,232,151,200,282,173,167,177,301,117,230,1
373,316,420,222,352,312,396,202,328,318,378,292,308,335,349,313,1
456,254,511,181,438,240,480,136,419,238,445,137,400,246,400,158,1
502,175,583,110,486,157,559,65,466,150,526,57,443,150,478,67,1
513,196,606,147,500,174,588,96,480,161,548,77,456,156,489,74,1
511,212,598,183,502,191,591,143,486,176,561,117,463,167,494,103,1
276,157,316,103,253,148,292,81,227,148,260,81,200,156,225,105,1
191,231,213,114,161,229,143,94,136,240,101,115,114,263,58,176,1
210,320,217,206,178,320,144,200,151,335,101,228,128,361,72,297,1
261,320,273,215,234,321,227,197,207,332,231,308,181,350,170,299,1
434,358,452,290,415,354,429,269,396,359,401,277,377,373,365,307,1
476,247,533,158,463,240,526,142,446,242,470,136,428,253,431,166,1
472,247,537,172,454,232,507,132,434,230,461,126,410,237,409,150,1
504,251,578,197,491,234,565,156,474,226,526,142,453,227,472,151,1
347,182,396,79,319,168,334,86,290,165,293,77,258,172,251,96,1
375,310,444,229,355,298,415,198,332,299,360,190,306,313,295,224,1
255,298,300,198,228,288,254,172,200,291,198,177,171,307,132,227,1
274,226,298,107,249,219,259,84,223,221,222,93,197,232,174,140,1
427,290,488,202,405,279,462,171,381,282,410,170,355,296,350,208,1
372,299,433,213,350,289,404,179,325,292,355,183,299,307,289,220,1
248,324,293,231,224,314,241,195,198,314,204,196,170,325,145,246,1
240,271,266,164,213,267,212,144,188,275,161,155,162,295,111,211,1
380,284,419,294,357,265,418,155,330,264,347,140,300,277,274,186,1
441,238,505,165,425,227,481,132,407,227,439,127,386,236,385,154,1
328,224,374,155,312,213,349,128,295,212,315,131,275,218,273,153,1
262,226,300,152,241,216,266,128,218,215,230,127,193,223,186,155,1
226,180,251,100,204,173,215,84,184,174,186,90,165,183,151,118,1
192,169,215,90,172,164,175,71,154,168,145,82,136,178,116,112,1
154,192,164,113,134,190,122,104,115,196,100,114,98,208,69,148,1
67,70,53,7,49,70,25,-2,32,76,5,19,16,88,-8,48,1
172,127,199,121,159,126,181,124,143,128,163,122,125,133,133,119,1
331,120,337,120,316,110,327,37,299,107,299,48,281,111,270,80,1
489,105,541,38,473,93,515,5,455,91,481,1,435,96,440,24,1
463,174,514,118,450,161,498,89,436,157,469,81,420,160,433,96,1
373,306,339,180,409,296,408,145,441,301,442,161,470,317,516,219,1
373,304,338,181,407,293,404,145,437,298,442,160,465,315,514,219,1
373,304,337,182,407,293,403,145,436,298,439,160,464,314,512,219,1
339,310,304,187,372,298,365,153,403,302,407,164,431,318,480,222,1
212,316,172,211,242,303,234,154,271,308,274,158,300,328,353,219,1
152,305,100,190,176,294,138,143,200,298,174,151,227,314,257,200,1
143,300,91,182,169,291,132,139,193,295,163,148,220,309,245,198,1
130,308,78,195,153,299,113,156,176,303,145,160,200,317,223,206,1
125,227,84,109,150,214,128,66,176,216,170,77,203,231,242,119,1
119,159,80,42,149,145,123,-11,175,148,165,-6,199,163,241,57,1
135,139,106,15,163,130,138,-9,188,134,189,-6,212,148,263,40,1
126,152,93,168,158,135,112,-1,189,136,180,-11,219,148,261,35,1
225,182,190,52,258,172,241,23,287,177,283,27,315,195,355,84,1
270,234,238,111,301,223,284,75,328,227,324,88,354,243,396,141,1
290,207,255,86,321,197,305,52,351,202,350,65,379,219,419,116,1
368,207,337,77,405,195,404,48,437,200,445,59,466,219,515,124,1
394,246,378,145,426,240,422,132,454,246,460,141,482,262,507,181,1
339,245,317,150,373,238,361,133,401,243,401,137,426,259,450,176,1
305,275,266,188,336,269,301,173,363,275,342,172,389,292,400,209,1
395,322,373,235,429,314,425,215,460,320,466,223,491,337,515,262,1
440,325,433,231,475,316,487,217,505,320,523,226,535,334,570,264,1
476,318,483,223,512,313,536,211,541,319,569,226,569,334,613,265,1
468,269,465,163,502,263,516,151,532,268,555,164,559,283,600,208,1
453,180,443,51,490,171,499,34,522,175,537,50,553,190,592,102,1
447,171,437,37,484,162,489,16,516,166,531,32,545,182,585,89,1
415,185,401,53,452,176,454,31,484,180,497,43,512,197,556,102,1
311,204,276,74,346,194,327,47,379,198,373,56,409,215,438,108,1
212,197,161,72,241,186,197,41,269,189,240,45,298,204,310,94,1
147,197,92,75,175,185,118,43,202,187,148,46,230,200,222,86,1
142,206,83,90,168,196,109,54,195,200,146,57,222,217,218,102,1
141,266,84,154,167,258,105,130,194,263,144,130,223,279,216,175,1
149,321,86,207,173,316,104,191,197,326,146,199,222,347,226,242,1
150,323,89,208,174,318,111,190,198,328,154,201,222,350,227,247,1
105,307,41,201,128,304,67,182,155,314,103,193,185,336,170,237,1
101,290,40,197,123,288,68,179,148,301,123,213,173,323,169,238,1
183,282,137,220,203,277,164,193,223,282,198,195,241,295,245,225,1
230,283,201,214,247,279,224,202,263,284,246,208,278,296,287,235,1
270,284,245,222,285,278,264,212,300,281,283,214,315,290,321,239,1
302,281,280,221,317,276,300,213,331,278,321,217,346,287,354,239,1
336,293,322,233,352,288,342,226,366,290,362,230,380,298,391,255,1
359,295,345,238,374,292,369,232,388,294,386,237,401,301,414,259,1
377,294,368,239,392,291,390,236,405,293,406,241,417,301,430,262,1
404,294,401,241,419,292,423,238,431,295,438,245,443,302,458,268,1
416,298,417,245,431,297,441,243,444,301,454,252,454,309,473,276,1
433,296,436,243,448,295,462,242,460,300,473,251,470,310,492,277,1
481,254,485,196,497,253,514,198,510,258,530,207,520,268,548,233,1
548,240,562,178,566,240,595,178,579,247,609,191,590,259,625,222,1
554,242,570,181,572,244,601,183,586,251,616,195,597,263,637,226,1
530,294,548,235,549,296,581,241,563,303,593,253,574,315,607,283,1
493,337,510,281,509,339,540,288,522,347,551,301,532,359,564,329,1
473,338,486,281,489,339,515,285,503,345,530,296,514,356,545,322,1
393,351,382,289,411,344,415,283,427,345,440,288,443,351,462,305,1
293,359,265,303,309,350,276,288,326,349,312,283,345,353,352,300,1
235,354,203,299,253,345,220,287,271,342,246,287,291,346,283,300,1
190,365,152,311,205,354,168,298,222,349,190,296,241,349,228,305,1
166,361,121,307,178,354,128,299,192,353,150,300,208,358,184,306,1
154,347,110,285,166,343,113,280,181,346,135,289,198,354,177,299,1
179,342,138,278,192,341,144,277,207,346,170,286,222,357,211,303,1
202,341,174,286,214,340,178,283,226,346,202,290,240,356,233,308,1
276,338,258,290,289,333,269,281,302,335,289,285,315,343,318,302,1
349,347,343,297,365,344,364,296,378,347,384,299,391,354,407,317,1
406,349,414,299,421,347,437,297,435,350,450,303,447,358,465,323,1
416,260,420,205,433,258,446,199,447,262,459,205,460,269,479,228,1
424,146,427,87,441,144,454,84,455,148,467,91,468,156,489,115,1
434,84,443,21,452,82,468,18,466,86,483,26,479,95,502,54,1
416,87,421,26,433,86,445,22,447,90,462,29,459,99,480,56,1
332,92,319,59,350,86,347,20,368,87,374,23,385,95,402,47,1
214,88,190,27,230,82,209,17,246,82,234,19,260,88,265,35,1
132,93,101,33,146,85,114,19,159,83,135,17,172,86,168,33,1
92,106,71,119,104,96,66,37,117,93,90,25,131,96,122,39,1
92,111,62,89,107,102,77,40,122,101,105,31,137,107,140,51,1
101,124,70,66,118,115,92,49,134,113,116,48,150,118,153,68,1
118,146,83,91,133,138,104,74,148,136,126,71,164,141,164,90,1
119,249,84,198,133,241,100,182,147,240,122,180,161,244,163,196,1
121,307,85,258,133,300,97,245,146,300,118,245,160,307,165,263,1
182,271,157,227,189,268,157,220,197,267,171,230,205,268,187,234,1
325,229,288,173,328,228,286,168,327,229,289,169,322,232,296,180,1
350,232,315,177,354,234,312,171,356,238,315,177,352,244,327,189,1
369,233,344,181,374,232,344,174,377,233,345,176,377,236,353,185,1
447,251,438,194,455,253,443,190,461,258,453,199,465,267,469,221,1
521,266,520,206,534,268,532,204,544,274,547,218,552,285,564,248,1
521,254,521,194,534,257,534,193,544,263,549,205,552,274,567,231,1
501,138,492,75,515,137,508,68,526,140,524,80,534,147,544,103,1
463,105,448,43,473,102,460,34,481,104,475,40,489,110,499,60,1
364,107,343,46,371,104,346,38,375,105,350,43,377,110,362,55,1
278,106,234,49,283,103,232,42,283,103,235,42,277,106,242,49,1
207,116,152,64,208,114,149,56,206,115,153,59,200,118,163,68,1
177,130,118,82,173,131,112,78,166,135,110,83,156,142,117,96,1
168,210,117,164,164,211,109,161,157,216,106,167,147,224,114,181,1
154,271,107,234,146,271,95,231,136,274,88,239,124,280,88,255,1
146,266,100,242,144,269,96,243,139,275,95,249,132,285,98,267,1
166,299,138,260,171,296,141,253,177,295,150,251,182,296,164,257,1
233,285,188,230,231,283,186,227,226,284,187,229,217,286,191,239,1
221,285,181,229,225,283,178,234,226,284,181,236,222,285,189,241,1
274,289,242,237,279,289,239,230,280,289,242,232,276,292,247,242,1
316,288,302,232,324,286,307,226,332,287,319,231,339,293,333,245,1
389,282,371,229,399,279,379,221,409,281,393,227,419,288,415,241,1
441,293,426,238,455,290,440,234,467,293,456,239,478,300,479,258,1
475,307,466,251,490,305,485,249,504,308,500,256,517,315,521,276,1
511,327,510,271,527,326,533,271,541,330,547,279,554,338,567,300,1
523,333,527,277,539,332,551,278,552,337,563,287,564,345,579,310,1
517,332,522,280,532,333,539,282,544,339,552,290,554,348,567,310,1
509,325,502,277,513,327,503,274,516,332,505,284,516,339,509,302,1
513,332,498,288,518,334,499,287,522,338,499,294,522,343,506,304,1
493,324,477,327,500,326,479,329,506,332,483,333,512,339,489,333,1
480,304,496,249,490,307,514,245,497,314,518,258,501,327,523,289,1
435,292,438,232,445,292,455,225,453,299,462,239,458,310,479,270,1
347,292,338,226,362,287,356,215,375,290,372,216,387,299,406,250,1
275,302,255,233,291,296,281,217,306,298,300,222,321,307,341,253,1
272,290,246,221,289,284,275,208,305,288,297,214,320,298,340,245,1
273,277,225,237,289,268,260,237,306,265,287,237,324,268,342,237,1
284,284,228,305,298,275,243,259,316,267,289,255,336,261,338,253,1
283,263,238,242,299,254,273,239,318,252,296,232,337,253,350,224,1
292,188,254,142,308,180,283,123,325,179,307,126,342,183,357,138,1
298,131,266,74,314,123,297,57,330,122,319,62,347,128,362,77,1
294,174,257,124,311,167,290,104,328,166,312,110,345,171,361,125,1
280,300,237,278,297,293,272,281,316,292,293,277,335,297,348,271,1
219,328,154,324,231,319,176,318,248,316,205,314,267,317,248,307,1
171,367,94,365,182,361,109,358,199,357,140,357,220,357,199,346,1
276,358,198,365,273,371,192,373,275,383,202,387,281,392,225,385,1
392,367,358,385,397,369,377,373,404,370,379,373,411,372,395,378,1
405,320,400,290,425,318,434,291,442,321,462,299,456,328,491,314,1
399,252,392,189,419,250,428,183,435,255,447,197,449,267,479,232,1
396,197,387,130,414,193,420,120,431,197,438,128,446,207,471,161,1
389,183,379,114,407,178,408,102,423,180,426,109,437,189,458,140,1
429,181,426,113,448,179,456,105,463,184,474,115,476,196,501,149,1
484,172,490,102,503,171,525,96,518,177,543,108,530,189,567,145,1
491,146,499,78,510,144,531,72,525,149,550,81,538,160,573,116,1
484,71,493,0,503,69,525,-5,518,74,541,3,531,85,564,39,1
479,60,484,-6,497,58,515,-14,512,62,534,-5,524,72,557,28,1
382,73,367,89,396,66,385,0,410,67,412,5,424,73,451,21,1
203,76,177,22,217,69,194,7,229,68,212,14,240,71,245,38,1
127,94,93,38,139,84,101,18,151,81,118,13,164,83,155,25,1
113,114,79,64,126,103,90,38,139,99,107,33,154,100,145,41,1
118,229,83,185,127,219,88,167,138,214,105,158,151,213,139,159,1
118,328,76,282,125,321,78,268,134,319,91,267,146,321,125,271,1
183,311,159,255,194,306,168,243,207,306,182,247,221,310,207,264,1
285,299,278,238,302,294,294,230,318,295,314,231,335,303,355,255,1
408,291,413,224,427,290,445,223,441,295,463,233,453,306,485,263,1
516,316,547,260,533,322,579,267,544,332,591,284,551,346,595,319,1
537,329,574,275,553,336,608,286,564,348,616,302,569,363,617,340,1
516,280,550,219,533,285,576,225,545,294,591,243,553,307,597,272,1
497,150,521,89,516,154,552,93,530,163,566,106,540,176,579,141,1
488,107,509,42,507,109,541,44,520,117,553,56,531,129,568,92,1
394,123,400,61,409,121,422,52,423,126,444,59,436,135,468,91,1
242,149,223,87,258,143,244,75,272,143,266,72,287,149,301,89,1
244,162,219,97,260,154,243,87,275,154,265,87,290,159,300,98,1
383,153,382,87,401,150,410,79,416,155,430,87,429,165,454,117,1
372,249,370,178,390,246,401,169,405,250,419,178,418,260,445,207,1
256,287,242,222,274,282,262,212,290,284,287,213,305,294,327,240,1
166,310,141,244,179,305,152,233,194,307,169,236,210,314,209,256,1
311,334,307,261,332,330,331,255,349,334,358,260,365,343,393,290,1
371,322,377,249,392,320,410,245,408,325,429,255,422,336,454,286,1
361,195,361,124,381,191,392,114,398,195,412,123,412,205,438,153,1
274,120,260,78,290,116,287,41,305,119,318,45,320,129,342,86,1
122,141,99,91,133,133,110,80,146,130,133,66,159,132,172,83,1
91,202,69,139,104,196,78,126,116,196,95,127,128,201,130,147,1
145,201,102,137,147,202,95,133,145,205,99,137,136,211,104,157,1
224,175,208,120,208,178,180,126,195,186,170,140,184,199,159,168,1
278,194,266,128,259,195,235,132,243,202,223,145,229,212,207,176,1
341,193,332,137,325,193,303,132,312,200,284,144,299,215,263,176,1
473,239,467,171,465,240,443,166,453,244,427,175,440,250,409,199,1
484,261,484,191,473,261,451,185,460,265,439,194,446,273,420,225,1
420,283,416,217,405,283,381,216,391,290,364,229,379,301,349,257,1
326,286,317,220,309,287,280,224,295,294,265,236,282,306,251,271,1
215,316,218,285,194,317,176,247,176,326,150,265,162,342,134,305,1
184,349,154,276,164,357,133,289,151,368,125,305,144,378,121,333,1
212,369,178,302,196,377,152,314,183,390,148,337,175,403,146,371,1
333,368,311,296,319,371,277,306,306,378,264,320,294,390,255,350,1
436,356,434,288,421,355,399,284,407,360,382,295,394,369,368,323,1
480,316,476,244,468,316,442,240,454,319,428,248,440,326,415,274,1
493,220,479,153,484,221,449,151,472,225,437,160,458,233,428,183,1
487,183,467,117,478,185,432,118,467,191,423,129,454,201,417,155,1
480,241,467,175,468,243,437,178,456,249,422,194,445,257,411,219,1
279,296,276,222,261,297,247,226,244,304,232,238,230,314,222,267,1
200,305,191,234,180,307,174,238,165,315,163,252,155,325,156,282,1
191,355,172,280,172,361,154,285,158,369,144,301,148,378,139,329,1
134,377,108,315,121,386,93,331,113,398,94,375,108,410,95,378,1
141,403,124,373,121,414,86,344,107,424,83,359,99,435,87,386,1
383,386,378,312,367,387,344,311,351,392,326,322,337,399,313,350,1
384,343,372,269,367,344,337,270,351,350,323,283,336,360,309,312,1
420,362,416,294,405,362,382,291,391,368,365,303,378,378,356,329,1
446,239,435,177,434,240,420,177,423,244,410,187,412,251,400,205,1
464,139,444,82,454,139,412,82,442,143,398,93,429,150,394,109,1
234,324,274,259,253,334,299,268,266,344,307,283,275,354,307,304,1
273,307,302,241,290,318,331,251,299,330,336,272,302,343,330,302,1
285,318,318,261,301,330,337,272,311,344,341,290,315,357,339,317,1
304,334,359,298,296,328,357,287,285,328,340,285,272,333,306,290,1
314,349,368,307,304,338,351,280,289,335,326,274,273,338,287,285,1
307,350,362,306,296,338,344,280,282,334,319,273,266,335,274,282,1
233,299,271,251,230,305,273,255,233,318,264,293,239,336,266,305,1
163,317,180,242,181,321,210,240,196,329,229,257,206,340,246,294,1
145,353,160,280,163,356,191,280,178,364,207,294,189,374,219,327,1
143,367,157,294,160,369,185,295,174,376,200,307,185,385,214,340,1
134,360,159,292,149,365,187,293,162,373,201,308,174,383,204,343,1
193,368,225,319,183,367,215,311,172,372,194,315,160,383,162,339,1
199,368,231,318,186,364,214,309,173,368,189,309,159,377,155,332,1
199,292,227,237,184,286,199,221,168,287,174,224,152,294,142,245,1
182,220,209,158,168,211,185,139,153,209,164,142,136,213,132,163,1
177,185,204,121,163,176,181,104,148,174,161,106,131,177,129,127,1
171,123,192,55,156,115,163,39,141,115,145,44,125,121,114,70,1
176,74,197,1,161,67,176,-10,146,67,151,-3,130,72,119,22,1
166,94,184,25,150,87,156,8,134,88,139,15,118,94,110,42,1
132,130,143,60,117,125,113,47,102,127,99,55,87,134,73,83,1
104,117,108,49,90,114,76,40,76,117,64,49,63,125,45,78,1
81,96,78,17,67,95,44,10,54,100,26,24,42,111,9,63,1
89,100,82,23,73,98,44,19,59,103,26,36,48,113,13,69,1
189,130,196,59,172,125,163,50,155,127,142,57,139,134,120,81,1
252,116,274,45,234,108,238,30,217,108,217,37,200,114,196,60,1
296,107,323,37,280,99,291,19,263,99,269,25,245,104,244,47,1
393,149,436,96,380,137,414,73,364,132,395,70,347,131,362,79,1
476,190,528,156,466,176,514,129,454,167,496,123,439,162,468,125,1
513,199,567,172,505,185,559,144,494,176,541,137,480,171,513,138,1
557,165,605,136,548,152,594,112,536,144,578,102,521,140,547,105,1
566,117,616,80,556,106,601,53,543,99,581,49,529,97,549,54,1
551,122,598,85,540,112,579,60,527,107,561,58,512,107,529,64,1
539,184,576,147,528,174,564,122,516,170,547,119,503,171,520,126,1
525,247,552,202,515,241,538,185,505,240,520,185,494,244,502,197,1
531,313,570,274,522,305,563,255,512,304,541,252,501,308,516,262,1
516,352,559,313,508,345,550,296,499,345,529,293,488,349,505,305,1
514,372,556,335,506,365,551,318,497,365,528,316,485,370,502,327,1
484,365,527,325,475,358,519,309,464,357,496,305,452,361,468,315,1
425,369,472,328,414,361,457,310,401,360,432,304,387,365,400,317,1
367,377,410,333,354,369,390,317,339,368,361,311,323,374,327,328,1
309,379,347,335,294,374,313,318,278,376,285,318,261,386,255,337,1
227,376,242,325,209,370,214,318,192,371,187,320,175,377,159,339,1
199,371,210,317,182,367,175,311,166,369,152,313,151,378,127,335,1
184,372,189,319,167,368,156,314,152,370,136,316,138,379,113,339,1
173,371,168,319,156,367,133,314,141,370,117,317,127,378,97,339,1
183,359,186,307,166,354,152,299,151,356,133,303,138,365,111,325,1
204,259,219,197,188,254,190,186,172,255,169,190,156,262,144,212,1
210,233,225,167,193,227,196,153,177,228,177,158,161,234,149,182,1
209,306,225,246,192,300,195,231,176,301,174,235,160,309,147,258,1
188,336,203,280,171,329,171,266,156,330,151,270,140,335,125,289,1
138,353,141,300,123,348,107,290,108,349,93,293,94,356,73,312,1
128,362,126,312,112,357,95,303,98,358,81,304,84,365,61,322,1
152,372,162,343,138,367,143,338,123,369,126,335,108,375,105,344,1
135,332,188,297,138,341,196,305,145,353,198,317,154,366,193,339,1
144,346,183,276,161,356,207,286,174,366,218,304,183,377,223,336,1
164,343,211,278,181,353,240,285,193,363,248,304,201,374,251,341,1
243,262,296,199,261,275,333,219,272,291,346,251,277,309,337,290,1
273,247,323,189,287,260,359,210,295,276,365,242,298,293,358,285,1
290,318,324,290,303,332,340,306,311,346,344,324,313,359,341,345,1
308,348,334,327,321,363,347,340,328,378,352,357,330,391,352,373,1
329,370,383,326,341,386,404,345,346,400,404,373,346,412,390,402,1
346,379,403,340,357,395,422,364,361,411,419,388,360,424,405,416,1
387,391,442,354,396,406,458,377,400,419,452,400,398,431,439,428,1
426,398,481,370,433,415,489,397,432,430,479,418,426,442,463,447,1
429,382,481,357,434,397,490,385,433,412,485,404,428,425,466,431,1
424,305,467,277,432,319,479,300,434,333,476,321,431,346,463,352,1
434,309,480,290,440,325,489,317,439,340,484,337,433,353,466,366,1
427,349,482,342,429,366,486,375,426,381,477,392,419,394,454,420,1
350,297,386,241,364,308,406,261,371,322,410,282,372,336,408,323,1
310,351,355,288,326,363,380,303,334,375,384,324,336,387,380,361,1
273,374,325,310,287,387,359,327,296,401,366,347,301,416,361,388,1
275,373,326,325,271,373,333,321,268,379,322,333,268,389,303,352,1
298,387,348,342,288,380,342,328,274,378,320,324,257,382,277,331,1
243,348,273,301,225,341,239,268,207,343,204,274,188,353,166,303,1
205,352,198,282,186,353,158,282,171,362,132,298,159,377,117,338,1
294,384,343,348,283,372,320,311,268,368,291,303,251,370,255,314,1
242,339,259,278,223,338,215,259,205,345,183,277,189,358,159,308,1
262,349,286,305,248,345,272,291,233,346,265,309,217,351,250,325,1
307,383,354,339,296,372,334,311,281,369,301,303,264,374,264,315,1
301,337,346,292,289,326,328,262,273,323,300,255,255,327,256,269,1
282,273,321,226,266,263,305,207,248,260,277,204,228,264,229,209,1
276,285,289,220,258,278,269,204,239,279,237,208,220,286,199,232,1
316,334,363,292,303,322,342,260,287,317,319,254,267,317,271,265,1
257,303,263,232,238,300,230,222,223,306,201,233,209,319,179,267,1
333,384,387,346,322,370,367,315,308,364,342,305,292,364,303,309,1
274,323,283,254,256,320,248,244,241,326,221,255,228,340,197,291,1
349,398,400,360,338,386,381,330,323,382,352,322,306,385,314,334,1
401,295,444,254,390,284,420,226,376,281,395,222,361,284,362,232,1
357,215,373,168,339,202,363,136,321,198,350,134,303,201,314,161,1
225,193,235,120,205,188,195,111,186,193,168,121,170,204,140,158,1
380,300,391,310,400,292,406,308,419,290,422,307,440,292,436,305,0
383,293,389,304,401,286,403,302,417,284,418,302,436,286,429,298,0
376,289,380,301,392,283,393,298,408,281,408,298,425,283,421,294,0
386,289,391,294,403,283,406,298,419,282,420,300,436,286,432,296,0
380,290,383,291,392,284,392,288,404,282,404,293,419,282,414,288,0
377,307,382,312,388,303,390,309,398,300,400,311,410,300,407,306,0
382,316,387,314,392,312,395,317,403,310,404,320,413,311,409,315,0
371,322,370,309,380,318,373,306,389,316,379,306,399,316,391,305,0
315,323,269,327,316,323,265,329,316,326,264,327,313,331,272,332,0
193,345,197,352,201,336,208,347,211,329,214,341,223,323,221,335,0
175,348,177,352,182,340,187,347,191,332,195,341,203,326,201,333,0
165,360,165,359,172,350,177,354,181,342,183,347,192,333,191,340,0
319,325,281,327,328,326,283,329,335,329,291,328,341,333,309,328,0
420,318,429,305,428,320,434,308,437,324,440,313,445,329,449,314,0
468,327,476,337,479,332,481,340,488,339,486,347,495,347,493,350,0
461,321,477,324,472,325,479,330,482,331,482,337,490,339,490,339,0
454,270,464,266,463,270,470,270,472,271,475,273,481,275,482,274,0
469,170,475,175,479,168,484,174,491,168,492,175,502,171,500,174,0
482,125,483,113,491,126,488,112,501,128,496,113,511,132,512,112,0
480,90,484,77,491,91,490,80,502,94,499,81,512,99,513,81,0
465,62,483,58,477,63,486,65,489,66,491,69,500,72,501,66,0
428,49,432,35,419,51,427,37,409,55,422,40,400,60,412,44,0
296,55,295,40,308,51,303,37,320,48,308,35,332,48,319,38,0
159,85,147,70,169,78,158,73,181,73,172,71,195,69,185,71,0
125,99,124,93,137,90,139,92,150,83,153,90,167,79,164,86,0
128,139,121,137,137,130,137,135,147,122,150,132,161,115,158,126,0
139,271,137,291,143,260,141,287,152,250,147,279,164,241,158,271,0
155,372,159,374,155,359,162,362,157,346,164,349,162,332,164,338,0
167,371,170,374,168,358,177,360,172,346,181,349,178,333,183,338,0
252,380,259,381,254,366,264,369,259,354,269,358,267,341,265,344,0
286,370,281,372,290,357,299,361,297,344,307,351,307,333,311,340,0
322,366,313,368,326,354,328,359,334,344,347,355,344,334,351,346,0
372,369,377,374,378,357,384,367,387,348,395,360,398,339,402,351,0
399,364,407,370,405,349,431,371,417,341,439,364,431,335,448,357,0
410,361,419,366,417,347,437,368,428,339,446,362,440,335,453,354,0
444,223,441,212,446,219,442,210,449,217,445,211,453,217,449,213,0
459,179,471,165,466,177,479,166,475,176,484,168,484,177,489,168,0
484,175,495,162,495,172,509,166,505,172,515,169,516,173,520,170,0
483,156,503,158,493,154,507,159,503,155,512,161,513,157,518,161,0
494,112,512,109,502,110,518,110,511,111,523,111,521,113,528,114,0
493,68,524,66,493,67,526,69,495,68,527,71,500,69,526,70,0
485,63,518,56,485,62,521,58,488,62,522,61,493,63,521,61,0
475,50,469,35,482,50,474,34,490,52,479,34,497,53,490,35,0
354,36,331,19,360,32,331,10,365,29,332,5,371,28,340,8,0
257,45,265,48,272,40,276,48,286,39,289,53,302,42,310,8,0
259,60,263,62,272,55,274,60,285,53,287,66,300,53,296,54,0
236,133,231,135,247,129,243,133,259,127,255,134,273,127,265,134,0
223,246,227,251,234,238,240,247,247,232,252,241,261,226,262,234,0
269,252,254,250,279,246,264,246,290,242,279,247,302,240,292,245,0
479,238,491,225,477,237,492,226,474,238,492,227,471,239,486,229,0
585,305,586,312,593,316,588,323,598,327,591,331,601,339,595,336,0
586,374,583,375,591,386,582,387,592,398,582,398,592,411,587,408,0
578,389,574,390,583,400,574,401,584,413,574,412,584,427,577,422,0
450,324,449,323,459,328,455,330,466,334,460,337,473,342,464,342,0
331,341,330,338,346,341,342,337,359,344,352,352,373,350,365,354,0
319,342,315,333,332,340,325,321,346,341,340,346,360,345,351,343,0
260,354,227,342,268,350,232,328,277,349,243,327,286,350,260,333,0
198,367,198,382,208,362,206,377,220,358,218,375,234,356,225,371,0
184,371,182,382,193,365,189,378,203,362,198,376,215,361,204,373,0
143,402,144,413,149,394,149,406,158,386,156,399,168,380,162,392,0
162,368,148,387,164,364,149,385,165,365,150,384,164,369,152,386,0
197,325,180,337,186,327,172,342,173,334,165,350,162,343,158,359,0
191,343,202,350,175,349,190,355,165,358,180,363,159,368,171,371,0
194,334,204,344,179,340,193,349,168,348,184,356,162,358,174,365,0
235,256,240,269,218,260,226,273,206,268,216,278,197,278,207,287,0
303,228,299,246,286,229,288,247,271,235,277,252,260,243,267,258,0
326,234,305,246,319,233,296,249,309,236,290,253,300,241,282,252,0
323,246,302,267,324,242,303,266,323,240,304,264,322,241,306,259,0
391,236,372,237,397,231,376,238,401,230,381,238,404,231,385,237,0
474,266,472,262,487,265,485,271,499,266,494,273,513,269,507,270,0
274,273,232,274,270,277,230,280,266,284,228,286,261,293,230,292,0
365,229,356,239,373,226,362,238,381,225,369,238,391,225,376,235,0
344,153,339,158,353,149,346,158,362,147,353,156,373,147,361,155,0
327,107,323,108,334,100,326,105,341,96,330,102,348,94,336,96,0
178,144,159,165,179,141,162,167,178,144,165,168,178,150,167,172,0
135,219,131,233,136,210,135,226,138,204,140,220,143,198,143,214,0
191,149,186,155,194,140,194,147,201,131,199,140,209,123,206,134,0
283,66,277,61,288,62,283,60,293,60,287,61,299,59,294,60,0
541,89,560,87,551,88,566,89,558,89,569,92,565,94,571,93,0
598,123,603,127,610,124,610,133,622,128,616,135,631,134,627,132,0
478,226,470,229,487,227,478,235,497,230,486,238,506,235,495,239,0
450,329,433,345,460,331,441,347,467,336,447,351,472,343,453,349,0
440,329,423,347,449,330,429,347,455,334,434,351,460,341,440,349,0
376,330,328,312,379,327,329,314,377,327,331,316,372,331,338,321,0
178,348,156,362,169,351,149,367,161,358,143,372,154,367,137,380,0
383,304,368,322,393,304,375,323,400,309,382,327,408,315,389,322,0
349,329,330,345,360,329,341,352,369,333,351,356,378,340,359,356,0
355,320,334,343,361,319,338,342,365,321,343,344,369,327,350,343,0
204,341,211,359,196,339,205,358,188,339,200,360,181,343,196,357,0
213,321,224,347,205,319,219,346,200,321,215,347,197,327,214,343,0
216,317,226,338,210,315,222,337,204,316,217,337,199,320,212,335,0
163,292,169,302,154,290,162,300,144,289,157,300,134,290,149,297,0
139,274,147,282,129,273,138,283,117,273,128,285,103,274,119,282,0
118,149,126,151,106,147,116,153,93,146,104,154,79,146,93,148,0
96,96,108,73,83,92,94,77,69,92,77,83,53,94,63,85,0
99,61,103,27,83,59,84,29,67,60,67,33,52,62,53,36,0
346,86,373,89,338,78,367,84,330,74,355,86,320,72,345,80,0
441,166,442,173,437,156,436,167,432,146,432,159,426,137,428,150,0
451,179,457,183,447,167,453,172,440,155,436,166,430,142,431,156,0
457,145,472,151,451,130,450,148,440,119,433,139,426,110,422,129,0
454,120,436,148,442,107,429,138,426,102,416,135,408,102,402,135,0
392,153,386,157,378,139,374,146,360,129,357,139,341,123,341,134,0
319,181,307,209,302,170,291,205,282,166,272,198,260,167,256,192,0
313,193,308,266,295,190,289,270,273,191,274,260,250,197,259,244,0
312,240,288,270,291,235,276,270,268,233,261,261,246,233,246,255,0
297,209,285,246,277,203,269,242,256,206,252,238,236,212,234,231,0
262,227,258,263,245,223,243,264,226,227,227,266,208,237,211,266,0
246,285,242,281,233,278,229,279,217,274,217,275,200,271,206,272,0
200,278,208,272,184,275,189,282,170,275,178,282,155,278,167,280,0
115,320,114,321,98,325,101,328,84,332,88,335,70,341,76,340,0
253,341,275,335,242,342,268,337,229,345,257,342,214,351,242,345,0
307,320,301,312,320,326,308,318,333,334,317,323,345,345,326,330,0
445,370,453,375,436,365,445,373,424,362,437,372,411,361,431,365,0
470,293,477,298,459,288,469,296,447,286,461,295,435,285,452,293,0
471,223,479,223,462,218,470,222,450,213,461,220,435,210,453,208,0
395,186,403,178,386,181,392,179,374,178,380,182,361,177,369,180,0
239,143,239,137,228,141,227,138,215,141,219,138,203,142,209,139,0
99,121,92,125,80,120,77,126,63,123,64,130,49,127,54,133,0
109,111,91,98,97,108,84,101,84,107,75,102,68,107,67,105,0
125,61,120,34,110,56,106,40,95,54,95,41,82,54,84,48,0
130,29,114,22,126,31,111,26,120,33,107,30,113,35,106,35,0
189,47,199,40,177,42,191,38,166,41,178,39,153,43,162,37,0
265,62,266,56,247,57,244,56,230,56,229,59,212,57,216,58,0
285,87,285,85,262,80,263,80,240,78,246,76,218,77,227,74,0
298,76,300,77,272,66,272,73,246,63,253,62,217,64,228,65,0
290,75,278,74,252,63,242,65,215,57,234,-22,176,57,187,36,0
285,107,269,108,244,91,238,96,205,85,208,89,165,84,179,83,0
330,133,371,88,298,125,345,94,263,124,321,79,221,125,249,78,0
547,232,526,237,509,224,496,247,471,222,466,255,434,223,437,255,0
439,245,429,233,388,235,384,262,340,236,342,256,289,248,304,265,0
353,264,374,193,308,253,324,220,260,256,276,223,210,269,228,233,0
237,198,202,207,159,177,129,219,90,179,78,204,22,195,41,199,0
158,218,120,197,82,213,50,248,18,225,1,259,-42,247,-43,253,0
269,199,225,218,200,181,165,221,136,181,115,216,72,195,65,204,0
290,164,266,169,220,148,208,171,156,149,161,161,91,166,109,160,0
272,241,260,257,207,229,210,253,151,233,158,248,93,251,109,257,0
460,254,484,220,412,238,444,222,364,236,394,210,310,245,336,245,0
573,267,602,236,523,257,540,275,470,258,492,288,408,272,448,285,0
580,151,593,143,531,132,548,126,475,127,493,148,412,136,444,157,0
379,72,401,-7,333,61,364,-35,287,57,328,-84,236,59,251,-77,0
207,95,208,62,153,86,136,94,103,84,107,53,51,87,63,57,0
170,174,139,164,107,160,90,166,49,158,47,164,-8,166,15,152,0
204,262,183,256,145,248,120,269,92,249,73,261,37,263,29,251,0
305,285,305,216,248,274,257,273,194,278,201,263,134,298,157,280,0
200,194,320,269,166,209,295,289,151,238,271,315,151,281,261,321,0
125,137,235,155,143,166,254,185,178,206,270,213,220,250,281,250,0
137,160,199,161,190,201,239,191,245,243,281,227,295,282,309,262,0
161,164,211,161,224,197,264,186,283,235,302,223,332,274,335,249,0
190,134,233,149,246,167,273,175,296,206,306,210,337,246,333,240,0
227,117,268,159,268,149,296,188,306,192,321,223,339,238,338,255,0
296,119,333,163,324,145,354,187,354,181,376,216,380,222,394,243,0
382,134,426,192,409,156,440,213,438,190,459,240,464,230,474,263,0
462,168,520,244,475,177,523,258,492,199,528,282,510,233,553,289,0
499,175,552,270,494,170,554,275,499,183,545,285,512,209,555,285,0
535,223,555,282,510,205,542,272,486,196,528,273,461,195,525,264,0
485,262,576,213,455,236,557,198,422,217,497,196,381,197,436,205,0
433,213,476,139,393,193,413,163,351,181,378,142,303,178,331,132,0
342,180,340,157,295,162,285,152,253,162,231,141,210,179,199,156,0
251,170,293,192,196,163,233,179,155,163,189,174,123,168,150,186,0
255,190,232,290,191,166,189,284,133,174,140,279,84,197,97,267,0
176,216,197,375,105,217,150,378,50,244,106,375,11,279,73,376,0
149,248,195,378,101,258,155,390,61,293,127,409,28,339,108,425,0
150,236,215,256,177,291,233,297,202,346,243,337,222,397,252,374,0
146,230,186,234,193,274,224,263,235,318,250,302,267,359,271,330,0
101,175,156,181,147,200,192,201,194,230,223,232,237,262,247,254,0
147,131,222,144,169,142,234,162,200,161,255,176,235,186,269,197,0
198,145,288,188,193,149,290,198,204,163,293,212,228,185,304,212,0
284,215,346,264,274,212,347,260,274,219,344,267,283,233,340,272,0
388,255,427,275,366,251,406,277,342,251,382,285,315,256,368,278,0
512,258,517,276,480,243,489,258,446,232,459,250,403,224,426,241,0
560,239,561,223,522,223,519,240,483,216,482,232,438,218,447,232,0
508,172,527,135,477,157,483,156,442,147,455,144,402,142,422,140,0
410,167,425,124,385,152,378,150,358,143,357,132,330,141,339,128,0
318,255,361,224,302,246,298,259,285,241,285,254,266,238,274,246,0
278,294,276,303,264,288,263,301,250,285,250,299,232,283,237,294,0
236,339,251,325,227,334,242,328,215,330,231,326,202,328,214,328,0
231,339,232,336,221,333,220,337,210,330,212,334,197,328,202,332,0
228,342,230,337,219,336,216,340,208,332,209,335,195,330,200,333,0
195,330,194,333,187,326,186,330,178,325,179,329,169,325,172,325,0
190,341,190,330,180,336,177,334,171,335,170,329,161,336,162,323,0
190,321,185,314,181,319,171,317,172,319,164,319,165,320,160,319,0
186,309,169,309,177,309,163,310,169,310,157,312,161,311,154,313,0
183,301,164,299,177,304,159,300,169,307,153,304,160,310,149,307,0
171,291,157,287,165,295,151,288,158,299,146,291,149,302,140,291,0
152,257,137,257,145,258,131,256,136,259,124,258,126,260,119,261,0
145,253,128,250,136,252,121,252,126,253,115,254,118,254,111,255,0
160,255,153,242,151,251,140,242,142,250,134,242,133,250,130,244,0
201,250,210,239,194,243,196,238,185,239,188,234,175,236,179,232,0
232,246,238,231,224,238,221,235,215,233,215,229,205,229,208,225,0
281,218,283,212,273,210,272,208,265,203,268,199,254,198,261,194,0
327,216,336,212,322,209,332,207,316,202,327,202,309,194,323,195,0
391,272,414,278,389,264,415,273,387,256,412,268,385,247,406,258,0
442,307,457,308,442,297,444,299,441,287,436,291,437,276,434,282,0
484,312,479,312,483,302,475,304,481,292,470,296,476,281,469,287,0
465,310,464,315,464,301,461,308,460,292,458,300,453,281,453,291,0
406,272,420,273,416,267,428,272,426,265,436,271,437,265,441,267,0
436,267,434,279,449,264,448,280,462,266,459,281,477,270,470,278,0
479,287,481,298,493,289,493,301,506,292,502,307,518,299,511,308,0
492,299,480,279,501,298,485,276,509,299,494,277,518,301,508,285,0
492,157,491,162,505,156,500,164,517,159,513,169,531,163,525,169,0
493,84,503,83,507,83,510,93,520,84,518,98,533,89,529,95,0
398,71,374,55,407,69,380,57,415,69,389,54,423,70,402,57,0
174,100,170,89,185,91,180,85,195,83,187,80,207,77,200,73,0
101,119,93,114,112,107,120,114,125,97,131,106,141,90,142,99,0
73,111,72,111,83,99,94,108,96,90,105,102,112,82,114,93,0
55,72,51,72,66,63,69,72,78,55,84,69,93,49,93,60,0
40,62,35,61,50,53,59,64,62,45,70,59,77,38,78,49,0
57,106,47,106,66,100,61,105,77,98,74,108,90,97,85,110,0
64,300,56,326,66,290,61,322,72,280,77,301,81,269,82,291,0
80,376,88,372,74,361,87,357,71,346,83,344,72,328,79,332,0
115,386,123,383,106,374,117,368,99,360,111,357,95,344,105,348,0
192,412,197,411,182,402,193,400,175,391,186,392,170,377,180,383,0
236,424,237,421,225,418,232,412,216,410,225,406,207,399,216,400,0
269,279,259,293,257,280,249,298,245,285,241,303,234,293,234,308,0
307,298,294,310,293,297,283,314,278,301,273,321,263,309,261,329,0
297,311,276,329,298,306,275,326,295,305,274,323,291,307,276,324,0
302,316,286,318,309,311,294,313,318,306,304,310,329,304,313,307,0
492,383,494,374,494,382,497,382,496,383,500,386,499,385,504,383,0
483,371,475,375,496,374,487,381,509,379,498,387,523,387,511,388,0
436,342,412,343,443,340,416,347,446,341,419,348,447,344,423,350,0
408,340,384,357,411,337,380,354,409,339,379,355,403,343,380,359,0
334,349,294,346,329,353,290,350,324,359,289,354,317,367,291,359,0
277,350,247,364,271,352,243,367,262,359,238,371,252,367,228,370,0
237,358,216,369,226,360,206,374,215,367,197,380,205,376,186,384,0
205,368,198,384,194,370,187,389,182,376,178,397,172,385,168,403,0
174,388,160,412,170,395,157,418,165,406,156,424,162,418,155,433,0
241,402,232,436,253,403,236,442,265,413,248,447,277,428,261,451,0
426,384,425,429,456,386,439,435,479,397,460,440,497,412,476,448,0
464,353,471,397,485,353,487,405,502,360,500,406,516,372,513,408,0
495,375,503,433,524,371,525,431,549,378,546,430,571,392,564,435,0
468,302,482,333,495,295,499,339,519,299,519,338,540,308,538,342,0
421,249,434,249,441,244,450,261,459,244,462,264,476,249,475,260,0
404,210,400,193,419,205,416,198,435,202,432,213,453,203,447,207,0
381,201,389,201,400,194,405,203,419,191,421,209,440,193,434,201,0
372,194,367,175,395,182,382,164,420,177,414,196,448,179,437,186,0
369,226,370,208,409,210,392,167,451,207,447,239,498,215,479,204,0
369,253,393,273,429,235,450,295,488,232,497,298,550,244,539,286,0
279,120,280,120,325,103,343,141,372,98,381,141,427,104,417,120,0
114,82,76,-6,155,67,128,2,200,57,180,19,253,54,213,42,0
-12,188,-32,219,28,173,14,220,77,164,63,214,135,159,99,192,0
108,226,106,270,159,215,163,273,213,214,213,268,274,220,256,253,0
199,247,214,288,257,229,278,289,317,223,330,286,384,228,376,270,0
245,328,247,316,309,302,317,324,372,294,373,368,438,305,424,356,0
192,268,188,278,246,247,261,293,303,237,313,303,369,239,356,284,0
307,202,315,223,357,181,369,222,410,171,416,224,470,174,459,197,0
308,266,335,289,365,242,382,279,423,234,435,307,487,239,476,280,0
345,97,353,89,397,81,417,122,448,75,458,130,506,81,494,110,0
178,131,174,163,223,115,230,171,271,107,271,157,328,105,307,144,0
240,173,249,217,283,156,295,212,331,148,338,204,386,146,377,183,0
448,227,463,269,510,222,514,277,565,227,564,283,623,233,608,276,0
273,212,264,255,316,202,314,263,359,199,358,258,411,200,397,242,0
253,227,245,271,296,215,299,269,344,210,344,268,398,211,384,248,0
376,205,388,247,425,202,440,261,472,205,477,269,522,215,517,263,0
167,267,179,311,216,252,223,306,265,246,266,300,316,245,300,286,0
382,192,392,214,425,177,436,209,470,172,473,194,519,174,504,187,0
290,187,270,192,327,169,305,169,366,160,341,151,414,162,377,140,0
165,226,152,233,202,202,187,218,243,186,223,192,295,179,266,187,0
367,190,375,193,415,172,420,190,461,167,465,181,513,176,504,172,0
237,204,208,192,277,185,246,169,319,178,286,153,370,181,325,152,0
148,223,111,216,187,202,153,190,229,192,196,167,280,192,235,166,0
384,205,380,189,417,189,414,167,453,182,452,160,493,184,482,165,0
364,198,355,175,389,187,381,162,414,183,407,155,444,186,427,158,0
274,260,263,259,291,254,279,258,309,251,298,253,331,252,318,248,0
281,279,272,278,294,274,284,274,307,270,298,270,323,270,310,269,0
301,267,294,265,312,262,303,261,324,259,315,259,338,258,327,258,0
318,271,315,275,329,265,326,271,341,262,335,265,356,260,345,260,0
321,239,318,234,335,233,332,236,349,230,344,232,366,230,357,227,0
333,217,332,208,352,211,352,212,370,210,368,207,390,214,385,203,0
340,223,342,233,357,216,358,232,376,213,372,225,398,214,387,212,0
328,215,329,226,344,208,344,224,361,205,357,217,380,206,369,209,0
338,244,339,250,350,238,352,248,364,235,363,244,380,234,373,237,0
382,261,374,251,394,258,385,253,405,256,393,250,419,256,404,249,0
440,244,441,241,454,241,454,241,468,240,465,239,482,242,477,239,0
374,266,358,265,386,261,372,266,399,259,386,261,414,261,396,259,0
268,266,248,225,279,264,255,280,290,267,268,287,300,273,277,289,0
182,324,174,332,192,319,182,330,204,315,192,326,220,314,199,316,0
381,306,373,308,396,304,387,311,410,305,399,308,426,309,410,308,0
479,311,482,326,498,311,498,330,517,314,513,331,536,321,534,326,0
471,151,473,168,489,151,489,177,508,153,504,175,527,159,521,166,0
406,100,392,88,422,95,407,91,440,94,422,85,458,96,439,81,0
227,138,216,129,241,129,232,122,257,123,246,115,275,121,259,114,0
218,261,202,256,236,251,221,244,254,246,237,234,276,247,253,233,0
368,292,356,296,386,288,375,295,405,287,390,291,427,290,403,288,0
408,287,407,292,428,283,423,298,448,285,441,297,471,291,458,294,0
380,255,318,280,385,251,327,283,383,253,331,285,377,259,335,279,0
401,255,381,262,375,257,363,264,352,266,346,273,332,279,330,284,0
411,272,411,254,384,272,389,251,360,275,367,253,340,282,350,256,0
302,182,246,169,304,184,246,169,298,188,244,166,285,196,245,165,0
222,258,212,255,232,248,222,240,245,241,233,228,261,235,246,222,0
312,289,297,290,320,284,306,289,330,281,318,285,341,280,327,279,0
369,249,360,237,380,245,371,232,391,244,383,232,402,246,395,233,0
397,179,398,178,409,175,408,179,422,174,418,176,436,176,429,172,0
392,274,396,269,387,278,394,270,383,283,391,273,380,290,383,277,0
378,301,396,293,372,291,393,283,362,284,386,277,351,277,374,272,0
367,286,387,274,357,276,379,262,344,270,366,252,328,267,348,252,0
260,287,283,270,251,284,276,263,239,283,267,266,225,283,251,271,0
246,261,284,247,255,264,293,254,261,272,296,272,266,284,289,282,0
275,238,276,234,263,230,265,231,249,224,256,227,235,220,246,219,0
235,212,239,216,220,210,222,219,203,211,208,216,185,214,194,215,0
288,204,279,213,273,194,257,207,255,188,243,200,235,184,231,194,0
256,174,276,172,239,164,240,173,222,158,220,165,202,156,207,161,0
367,220,359,232,348,206,340,222,326,196,322,213,302,188,304,203,0
271,127,283,119,251,118,244,131,230,113,225,124,206,112,210,120,0
228,147,220,173,202,142,199,176,174,144,177,172,146,151,158,170,0
200,246,199,267,174,244,176,271,148,249,155,274,122,259,136,277,0
273,142,277,144,253,134,250,148,231,132,230,143,207,132,211,139,0
410,169,424,175,391,161,406,174,370,156,390,168,345,155,371,160,0
464,260,478,272,445,252,457,271,421,248,439,271,394,247,422,265,0
607,154,625,172,586,148,609,177,561,146,587,178,535,147,569,176,0
444,71,466,68,417,57,426,72,391,50,398,68,362,47,377,62,0
268,119,275,132,210,106,198,166,153,108,153,161,93,126,106,155,0
254,209,245,265,201,199,198,262,149,202,158,257,95,215,122,257,0
262,283,257,304,238,278,239,304,213,280,219,305,187,286,199,307,0
256,304,257,319,240,302,243,319,223,302,230,319,205,306,216,320,0
247,323,251,339,235,320,238,340,221,321,227,340,207,324,216,339,0
241,331,241,350,230,328,230,348,217,328,219,347,204,331,210,345,0
233,319,232,327,218,317,218,329,203,318,206,330,190,322,195,330,0
220,311,219,320,201,306,201,319,182,306,185,320,164,310,170,320,0
206,285,200,310,179,278,177,311,151,279,154,309,123,286,134,304,0
236,258,219,297,196,247,190,293,156,246,157,289,115,255,130,284,0
292,195,261,265,235,177,223,253,178,174,178,240,118,182,139,225,0
312,152,263,233,245,132,216,228,176,127,164,220,106,137,121,201,0
168,85,323,171,146,108,306,194,154,146,297,228,184,194,302,253,0
136,112,216,106,195,157,257,141,252,205,292,185,303,251,314,230,0
303,211,345,287,314,264,326,325,310,318,311,361,292,370,342,389,0
418,237,389,337,387,270,362,360,346,309,326,374,303,346,283,378,0
412,212,479,364,371,239,422,375,327,281,374,390,286,328,346,403,0
383,212,432,388,339,217,401,396,301,249,363,413,269,299,348,417,0
394,283,376,377,344,255,338,375,285,243,297,362,218,242,255,358,0
404,320,345,373,364,279,310,354,318,248,283,311,261,225,265,269,0
421,344,352,384,386,295,322,352,344,259,300,308,292,233,285,268,0
443,342,390,336,403,295,320,344,359,263,306,297,311,241,282,267,0
364,329,395,322,306,289,362,284,259,259,315,254,220,235,277,238,0
406,146,407,368,342,131,356,377,273,149,299,382,208,189,252,352,0
362,173,353,226,321,159,325,218,276,154,289,215,224,157,253,210,0
326,228,317,243,305,212,293,239,282,201,274,229,256,193,260,214,0
281,258,288,261,266,250,266,264,250,244,252,255,230,241,237,250,0
269,282,268,290,256,276,255,286,242,273,243,283,227,272,231,281,0
266,296,268,303,256,291,254,301,244,287,245,297,231,284,235,294,0
261,289,260,297,252,284,251,295,242,281,242,291,230,280,234,288,0
250,296,249,299,242,290,240,297,233,287,231,293,222,285,224,290,0
244,297,239,302,235,291,230,298,225,287,220,295,215,285,214,291,0
246,262,245,268,238,256,236,265,229,253,228,262,219,252,221,258,0
273,236,274,238,265,231,263,238,256,229,256,236,247,229,249,234,0
269,205,271,206,262,203,262,207,255,202,255,206,246,202,249,205,0
263,189,263,190,256,187,255,191,248,187,248,191,240,189,241,191,0
243,174,242,156,236,173,235,155,228,172,229,156,220,173,223,157,0
224,111,223,92,216,110,215,93,208,111,207,93,198,112,199,93,0
222,68,219,70,214,67,213,75,205,68,206,75,197,71,199,73,0
228,65,230,57,220,64,222,63,212,64,215,64,204,67,208,63,0
288,72,286,63,280,68,275,70,272,66,269,69,264,66,265,66,0
377,112,380,107,377,106,376,105,375,102,374,101,372,100,373,100,0
426,137,424,142,420,132,417,140,413,127,412,135,404,123,408,128,0
428,159,428,166,423,153,421,161,416,148,416,156,408,144,411,150,0
411,266,412,265,410,259,410,258,408,252,408,253,404,245,407,249,0
398,323,392,324,399,315,392,317,399,306,391,311,397,297,390,303,0
394,307,396,307,394,299,393,300,392,292,390,293,388,286,385,286,0
249,219,242,219,243,215,235,217,235,213,230,215,227,212,226,213,0
209,272,213,251,199,268,195,272,190,267,186,273,180,268,179,271,0
181,321,172,319,171,317,162,322,160,317,154,323,150,319,147,324,0
157,328,150,323,147,326,141,329,136,325,134,329,126,328,128,331,0
151,311,148,318,138,310,136,324,125,311,125,323,112,316,116,322,0
179,284,177,289,161,279,160,290,143,280,145,291,126,283,132,291,0
200,247,197,256,181,243,180,258,163,243,164,257,144,245,149,257,0
305,239,310,250,292,233,293,245,276,229,280,243,258,228,268,241,0
379,309,378,322,368,300,368,319,354,293,359,312,336,287,348,305,0
